create table Persona (
    nom varchar(30) not null constraint pers_pk primary key,
    fechanac date
);
create table Pelicula (
    titulo varchar(40) not null constraint pel_pk primary key,
    estreno date,
	lema varchar(60)
);

CREATE TABLE Actua
    (
        nom varchar(30) NOT NULL,
        titulo varchar(40)  NOT NULL,
        primary key(nom,titulo),
        foreign key(nom) references Persona(nom) on delete cascade,
        foreign key(titulo) references Pelicula(titulo) on delete cascade      
    );
CREATE TABLE Dirige
    (
        nom varchar(30) NOT NULL,
        titulo varchar(40)  NOT NULL,
        primary key(nom,titulo),
        foreign key(nom) references Persona(nom) on delete cascade,
        foreign key(titulo) references Pelicula(titulo) on delete cascade      
    );

create table Sigue (
    seguido varchar(30) not null,
    seguidor varchar(30) not null,
	primary key(seguido,seguidor),
	foreign key(seguido) references Persona(nom) on delete cascade,
    foreign key(seguidor) references Persona(nom) on delete cascade
);

insert into Persona values
        ('Keanu Reeves','1964-03-23'),
        ('Carrie-Anne Moss','1967-03-29'),
        ('Hugo Weaving','1960-03-30'),
        ('Emil Eifrem','1978-10-20'),
		('Al Pacino','1940-10-20'),
		('Charlize Theron','1975-10-20'),
		('Lilly Wachowski','1967-05-27'),
		('Taylor Hackford','1944-08-13'),
		('Paul Blythe','2009-12-13');
insert into Pelicula values
        ('The Matrix','1990-09-13','Welcome to the Real World'),
        ('The Matrix Revolutions','2003-04-19','Everything that has a beginning has an end'),
        ('The Devils Advocate','1997-08-30','Evil has its winning ways');
		
Insert into Actua values
     ('Keanu Reeves','The Matrix'),
     ('Hugo Weaving','The Matrix'),
	 ('Emil Eifrem','The Matrix'),
	 ('Al Pacino','The Matrix'),
	 ('Keanu Reeves','The Matrix Revolutions'),
	 ('Lilly Wachowski','The Matrix Revolutions'),
	 ('Al Pacino','The Matrix Revolutions'),
	 ('Keanu Reeves','The Devils Advocate'),
	 ('Al Pacino','The Devils Advocate');

Insert into Dirige values
     ('Carrie-Anne Moss','The Matrix'),
     ('Hugo Weaving','The Matrix'),
	 ('Keanu Reeves','The Matrix Revolutions'),
	 ('Carrie-Anne Moss','The Matrix Revolutions'),
	 ('Carrie-Anne Moss','The Devils Advocate'),
	 ('Taylor Hackford','The Devils Advocate');
Insert into Sigue values
     ('Keanu Reeves','Hugo Weaving'),
     ('Keanu Reeves','Al Pacino'),
	 ('Emil Eifrem','Lilly Wachowski'),
	 ('Keanu Reeves','Paul Blythe'),
	 ('Al Pacino','Keanu Reeves');

	